{
  "eval_mode": "holdout",
  "window_sec": 1.0,
  "hop_sec": 0.25,
  "model": "xgb",
  "threshold": 0.32,
  "metrics": {
    "auc": 0.6833333333333333,
    "accuracy": 0.7619047619047619,
    "balanced_accuracy": 0.6333333333333333,
    "precision": 0.7777777777777778,
    "recall": 0.9333333333333333,
    "specificity": 0.3333333333333333,
    "f1": 0.8484848484848485,
    "mcc": 0.3442651863295482,
    "tp": 28,
    "fp": 8,
    "fn": 2,
    "tn": 4
  }
}