{
  "eval_mode": "holdout",
  "window_sec": 1.2,
  "hop_sec": 0.4,
  "model": "xgb",
  "threshold": 0.42000000000000004,
  "metrics": {
    "auc": 0.6611111111111111,
    "accuracy": 0.7380952380952381,
    "balanced_accuracy": 0.6416666666666667,
    "precision": 0.7878787878787878,
    "recall": 0.8666666666666667,
    "specificity": 0.4166666666666667,
    "f1": 0.8253968253968254,
    "mcc": 0.31193973345246884,
    "tp": 26,
    "fp": 7,
    "fn": 4,
    "tn": 5
  }
}