{
  "feature_set": "tabular",
  "cluster_binary": [
    {
      "algorithm": "kmeans",
      "ari": -0.03484873647349615,
      "ami": 0.0020591842228675343,
      "nmi": 0.006731712314152556,
      "homogeneity": 0.006006635898063884,
      "completeness": 0.007655872281590868,
      "v_measure": 0.006731712314152556,
      "purity": 0.7259615384615384,
      "silhouette": 0.24371934370792794,
      "davies_bouldin": 2.208196367699819,
      "calinski_harabasz": 28.607146803938036,
      "accuracy": 0.7259615384615384,
      "precision": 0.7259615384615384,
      "recall": 1.0,
      "f1": 0.841225626740947,
      "mcc": 0.0
    },
    {
      "algorithm": "gmm",
      "ari": -0.03609459521202231,
      "ami": 0.0023549292273230106,
      "nmi": 0.0071830122166531805,
      "homogeneity": 0.006217231730532497,
      "completeness": 0.008504020964052705,
      "v_measure": 0.0071830122166531805,
      "purity": 0.7259615384615384,
      "silhouette": 0.2575319247736238,
      "davies_bouldin": 2.1296482943106505,
      "calinski_harabasz": 28.440014017548183,
      "accuracy": 0.7259615384615384,
      "precision": 0.7259615384615384,
      "recall": 1.0,
      "f1": 0.841225626740947,
      "mcc": 0.0
    },
    {
      "algorithm": "agglomerative",
      "ari": -0.018680262848217725,
      "ami": -0.002960300686787662,
      "nmi": 0.0015405102816854034,
      "homogeneity": 0.0014300975475330883,
      "completeness": 0.0016693985968846189,
      "v_measure": 0.0015405102816854037,
      "purity": 0.7259615384615384,
      "silhouette": 0.22717001910244974,
      "davies_bouldin": 2.4373344036691518,
      "calinski_harabasz": 26.365803131059277,
      "accuracy": 0.7259615384615384,
      "precision": 0.7259615384615384,
      "recall": 1.0,
      "f1": 0.841225626740947,
      "mcc": 0.0
    }
  ],
  "cluster_multiclass": [
    {
      "algorithm": "kmeans",
      "ari": 0.03672328910979297,
      "ami": 0.06495014248808359,
      "nmi": 0.08166263157669415,
      "homogeneity": 0.07691834484948017,
      "completeness": 0.08703063982201618,
      "v_measure": 0.08166263157669415,
      "purity": 0.3942307692307692,
      "silhouette": 0.041059005423465626,
      "davies_bouldin": 3.1578179401538504,
      "calinski_harabasz": 16.182966884077995
    },
    {
      "algorithm": "gmm",
      "ari": 0.01573261942907187,
      "ami": 0.06958331424353162,
      "nmi": 0.08687089563989242,
      "homogeneity": 0.07853661588212185,
      "completeness": 0.09718403316552265,
      "v_measure": 0.08687089563989242,
      "purity": 0.40865384615384615,
      "silhouette": 0.08994124986472227,
      "davies_bouldin": 2.9779109262538164,
      "calinski_harabasz": 15.638535973478277
    },
    {
      "algorithm": "agglomerative",
      "ari": 0.033327358297580045,
      "ami": 0.06999011025957201,
      "nmi": 0.08810814198420053,
      "homogeneity": 0.07876695533657177,
      "completeness": 0.09996302836129975,
      "v_measure": 0.08810814198420053,
      "purity": 0.38461538461538464,
      "silhouette": 0.0359926324978658,
      "davies_bouldin": 3.1047532858022917,
      "calinski_harabasz": 14.695202074758068
    }
  ],
  "anomaly_binary": {
    "auc": 0.5515278261879866,
    "accuracy": 0.40865384615384615,
    "balanced_accuracy": 0.527187173231091,
    "precision": 0.7692307692307693,
    "recall": 0.26490066225165565,
    "specificity": 0.7894736842105263,
    "f1": 0.39408866995073893,
    "mcc": 0.05600876294531368,
    "tp": 40,
    "fp": 12,
    "fn": 111,
    "tn": 45
  }
}